-- phpMyAdmin SQL Dump
-- version 5.2.1
-- https://www.phpmyadmin.net/
--
-- Host: 127.0.0.1
-- Generation Time: Jul 04, 2024 at 02:41 PM
-- Server version: 10.4.32-MariaDB
-- PHP Version: 8.0.30

SET SQL_MODE = "NO_AUTO_VALUE_ON_ZERO";
START TRANSACTION;
SET time_zone = "+00:00";


/*!40101 SET @OLD_CHARACTER_SET_CLIENT=@@CHARACTER_SET_CLIENT */;
/*!40101 SET @OLD_CHARACTER_SET_RESULTS=@@CHARACTER_SET_RESULTS */;
/*!40101 SET @OLD_COLLATION_CONNECTION=@@COLLATION_CONNECTION */;
/*!40101 SET NAMES utf8mb4 */;

--
-- Database: `db_absensi`
--

-- --------------------------------------------------------

--
-- Table structure for table `gedung`
--

CREATE TABLE `gedung` (
  `gedung_id` int(11) NOT NULL,
  `nama_gedung` varchar(50) NOT NULL,
  `alamat` varchar(50) NOT NULL
) ENGINE=InnoDB DEFAULT CHARSET=latin1 COLLATE=latin1_swedish_ci;

--
-- Dumping data for table `gedung`
--

INSERT INTO `gedung` (`gedung_id`, `nama_gedung`, `alamat`) VALUES
(12, 'LOKASI 1', 'Alamat 1'),
(13, 'LOKASI 2', 'Alamat 2');

-- --------------------------------------------------------

--
-- Table structure for table `groups`
--

CREATE TABLE `groups` (
  `id` mediumint(8) UNSIGNED NOT NULL,
  `name` varchar(20) NOT NULL,
  `description` varchar(100) NOT NULL
) ENGINE=InnoDB DEFAULT CHARSET=utf8 COLLATE=utf8_general_ci;

--
-- Dumping data for table `groups`
--

INSERT INTO `groups` (`id`, `name`, `description`) VALUES
(1, 'admin', 'Administrator'),
(3, 'Operator', 'Operator');

-- --------------------------------------------------------

--
-- Table structure for table `jabatan`
--

CREATE TABLE `jabatan` (
  `id_jabatan` int(11) NOT NULL,
  `nama_jabatan` varchar(20) NOT NULL
) ENGINE=InnoDB DEFAULT CHARSET=latin1 COLLATE=latin1_swedish_ci;

--
-- Dumping data for table `jabatan`
--

INSERT INTO `jabatan` (`id_jabatan`, `nama_jabatan`) VALUES
(5, 'STAFF'),
(6, 'MANAJER'),
(7, 'KARYAWAN'),
(9, 'OPERATOR');

-- --------------------------------------------------------

--
-- Table structure for table `karyawan`
--

CREATE TABLE `karyawan` (
  `id` int(11) NOT NULL,
  `id_karyawan` varchar(20) NOT NULL,
  `nama_karyawan` varchar(30) NOT NULL,
  `jabatan` int(11) NOT NULL,
  `id_shift` int(20) NOT NULL,
  `gedung_id` int(11) NOT NULL
) ENGINE=InnoDB DEFAULT CHARSET=latin1 COLLATE=latin1_swedish_ci ROW_FORMAT=COMPACT;

--
-- Dumping data for table `karyawan`
--

INSERT INTO `karyawan` (`id`, `id_karyawan`, `nama_karyawan`, `jabatan`, `id_shift`, `gedung_id`) VALUES
(129, 'S2008001', 'Karyawan 1', 5, 5, 12),
(130, 'M2008129', 'Karyawan 2', 6, 6, 12),
(131, 'S2008130', 'Karyawan 3', 5, 5, 12);

-- --------------------------------------------------------

--
-- Table structure for table `kehadiran`
--

CREATE TABLE `kehadiran` (
  `id_khd` int(11) NOT NULL,
  `nama_khd` varchar(10) NOT NULL
) ENGINE=InnoDB DEFAULT CHARSET=latin1 COLLATE=latin1_swedish_ci;

--
-- Dumping data for table `kehadiran`
--

INSERT INTO `kehadiran` (`id_khd`, `nama_khd`) VALUES
(1, 'Hadir'),
(2, 'Sakit'),
(3, 'Ijin'),
(4, 'Alpha'),
(5, 'Lepas/Off');

-- --------------------------------------------------------

--
-- Table structure for table `login_attempts`
--

CREATE TABLE `login_attempts` (
  `id` int(11) UNSIGNED NOT NULL,
  `ip_address` varchar(45) NOT NULL,
  `login` varchar(100) NOT NULL,
  `time` int(11) UNSIGNED DEFAULT NULL
) ENGINE=InnoDB DEFAULT CHARSET=utf8 COLLATE=utf8_general_ci;

--
-- Dumping data for table `login_attempts`
--

INSERT INTO `login_attempts` (`id`, `ip_address`, `login`, `time`) VALUES
(20, '127.0.0.1', 'admin.com', 1719572440),
(21, '127.0.0.1', 'admin@admin.com', 1719577876);

-- --------------------------------------------------------

--
-- Table structure for table `menu`
--

CREATE TABLE `menu` (
  `id` int(11) NOT NULL,
  `name` varchar(50) NOT NULL,
  `link` varchar(50) NOT NULL,
  `icon` varchar(30) NOT NULL,
  `protected` tinyint(4) DEFAULT NULL,
  `is_active` int(1) NOT NULL,
  `is_parent` int(1) UNSIGNED NOT NULL,
  `sort` int(10) UNSIGNED NOT NULL
) ENGINE=InnoDB DEFAULT CHARSET=latin1 COLLATE=latin1_swedish_ci;

--
-- Dumping data for table `menu`
--

INSERT INTO `menu` (`id`, `name`, `link`, `icon`, `protected`, `is_active`, `is_parent`, `sort`) VALUES
(15, 'menu management', 'menu', 'fa fa-list-alt', NULL, 1, 42, 14),
(16, 'master data', 'sdf', 'fa fa-folder', NULL, 1, 0, 1),
(19, 'data Jabatan', 'jabatan', 'fa fa-briefcase', NULL, 1, 16, 3),
(21, 'Data Shift', 'shift', 'fa fa-retweet', NULL, 1, 16, 4),
(22, 'data Lokasi', 'lokasi', 'fa fa-location-arrow', NULL, 1, 16, 5),
(33, 'Scan QRCODE', 'scan', 'fa fa-search-plus', NULL, 1, 0, 7),
(35, 'User management', 'users', 'fa fa-users', NULL, 1, 42, 13),
(36, 'Histori Absensi', 'presensi', 'fa fa-paperclip', NULL, 1, 41, 9),
(39, 'Rekap Absensi', 'rekap', 'fa fa-list-alt', NULL, 1, 41, 10),
(41, 'Data Absensi', 'dataabs', 'far fa-folder-open', NULL, 1, 0, 8),
(42, 'setting', 'setting', 'fas fa-cogs', NULL, 1, 0, 11);

-- --------------------------------------------------------

--
-- Table structure for table `presensi`
--

CREATE TABLE `presensi` (
  `id_absen` int(11) NOT NULL,
  `id_karyawan` varchar(20) NOT NULL,
  `tgl` date NOT NULL,
  `jam_msk` time NOT NULL,
  `jam_klr` time NOT NULL,
  `id_khd` int(11) DEFAULT NULL,
  `ket` varchar(150) NOT NULL,
  `id_status` int(11) NOT NULL
) ENGINE=InnoDB DEFAULT CHARSET=latin1 COLLATE=latin1_swedish_ci;

--
-- Dumping data for table `presensi`
--

INSERT INTO `presensi` (`id_absen`, `id_karyawan`, `tgl`, `jam_msk`, `jam_klr`, `id_khd`, `ket`, `id_status`) VALUES
(64, 'S2008001', '2024-05-01', '10:30:43', '15:52:46', 1, '', 2),
(65, 'S2008002', '2024-05-04', '09:30:43', '15:52:46', 1, '', 2),
(66, 'S2008003', '2024-05-06', '10:30:43', '15:52:46', 1, '', 2),
(67, 'S2008004', '2024-05-13', '09:30:43', '14:52:46', 1, '', 2),
(68, 'S2008005', '2024-05-15', '08:30:43', '12:52:46', 1, '', 2),
(69, 'S2008006', '2024-05-16', '09:30:43', '13:52:46', 1, '', 2),
(70, 'S2008007', '2024-05-18', '10:30:43', '12:52:46', 1, '', 2),
(71, 'S2008008', '2024-05-21', '09:30:43', '14:52:46', 1, '', 2),
(72, 'S2008130', '2024-06-28', '09:10:00', '22:10:00', 1, '', 2),
(73, 'S2008001', '2024-06-28', '07:44:54', '08:11:34', 1, '', 2),
(74, 'M2008129', '2024-06-28', '07:44:56', '07:44:57', 1, '', 2);

-- --------------------------------------------------------

--
-- Table structure for table `shift`
--

CREATE TABLE `shift` (
  `id_shift` int(11) NOT NULL,
  `nama_shift` varchar(20) NOT NULL
) ENGINE=InnoDB DEFAULT CHARSET=latin1 COLLATE=latin1_swedish_ci;

--
-- Dumping data for table `shift`
--

INSERT INTO `shift` (`id_shift`, `nama_shift`) VALUES
(5, 'SHIFT 1'),
(6, 'SHIFT 2'),
(7, 'SHIFT 3');

-- --------------------------------------------------------

--
-- Table structure for table `stts`
--

CREATE TABLE `stts` (
  `id_status` int(11) NOT NULL,
  `nama_status` varchar(15) NOT NULL
) ENGINE=InnoDB DEFAULT CHARSET=latin1 COLLATE=latin1_swedish_ci;

--
-- Dumping data for table `stts`
--

INSERT INTO `stts` (`id_status`, `nama_status`) VALUES
(1, 'Masuk'),
(2, 'Pulang'),
(3, 'tidak hadir');

-- --------------------------------------------------------

--
-- Table structure for table `users`
--

CREATE TABLE `users` (
  `id` int(11) UNSIGNED NOT NULL,
  `ip_address` varchar(45) NOT NULL,
  `username` varchar(100) DEFAULT NULL,
  `password` varchar(255) NOT NULL,
  `email` varchar(254) NOT NULL,
  `activation_selector` varchar(255) DEFAULT NULL,
  `activation_code` varchar(255) DEFAULT NULL,
  `forgotten_password_selector` varchar(255) DEFAULT NULL,
  `forgotten_password_code` varchar(255) DEFAULT NULL,
  `forgotten_password_time` int(11) UNSIGNED DEFAULT NULL,
  `remember_selector` varchar(255) DEFAULT NULL,
  `remember_code` varchar(255) DEFAULT NULL,
  `created_on` int(11) UNSIGNED NOT NULL,
  `last_login` int(11) UNSIGNED DEFAULT NULL,
  `active` tinyint(1) UNSIGNED DEFAULT NULL,
  `first_name` varchar(50) DEFAULT NULL,
  `last_name` varchar(50) DEFAULT NULL,
  `company` varchar(100) DEFAULT NULL,
  `phone` varchar(20) DEFAULT NULL
) ENGINE=InnoDB DEFAULT CHARSET=utf8 COLLATE=utf8_general_ci;

--
-- Dumping data for table `users`
--

INSERT INTO `users` (`id`, `ip_address`, `username`, `password`, `email`, `activation_selector`, `activation_code`, `forgotten_password_selector`, `forgotten_password_code`, `forgotten_password_time`, `remember_selector`, `remember_code`, `created_on`, `last_login`, `active`, `first_name`, `last_name`, `company`, `phone`) VALUES
(48, '127.0.0.1', 'andi@andi.com', '$2y$12$IUArOL7cbJtSYXREDgVDiOKq4fpy.vAu/MtfEeH3FwqwiAjSEa8O6', 'andi@andi.com', NULL, NULL, NULL, NULL, NULL, NULL, NULL, 1719577978, 1719580137, 1, 'Andi', 'Iqbal', 'Samsat Ciledug', '088372673622'),
(49, '127.0.0.1', 'rangga@rangga.com', '$2y$10$wtIT4.hpw/ih50TIV7Q0SOWnTu6aWmmeBS1tjWDjwlw4RRiefWLXm', 'rangga@rangga.com', NULL, NULL, NULL, NULL, NULL, NULL, NULL, 1719578163, 1719580380, 1, 'Muhammad', 'Rangga', 'Samsat Ciledug', '081273164328'),
(50, '127.0.0.1', 'adinda@adinda.com', '$2y$10$eBeD.M.LMY3K/lmrYKao5OP6zCaKeKbmk04NklFmbdL3NtFXVVbpu', 'adinda@adinda.com', NULL, NULL, NULL, NULL, NULL, NULL, NULL, 1719578198, NULL, 1, 'Adinda', 'Fayza', 'Samsat Ciledug', '081236128368');

-- --------------------------------------------------------

--
-- Table structure for table `users_groups`
--

CREATE TABLE `users_groups` (
  `id` int(11) UNSIGNED NOT NULL,
  `user_id` int(11) UNSIGNED NOT NULL,
  `group_id` mediumint(8) UNSIGNED NOT NULL
) ENGINE=InnoDB DEFAULT CHARSET=utf8 COLLATE=utf8_general_ci;

--
-- Dumping data for table `users_groups`
--

INSERT INTO `users_groups` (`id`, `user_id`, `group_id`) VALUES
(51, 48, 1),
(52, 49, 3),
(53, 50, 1);

--
-- Indexes for dumped tables
--

--
-- Indexes for table `gedung`
--
ALTER TABLE `gedung`
  ADD PRIMARY KEY (`gedung_id`);

--
-- Indexes for table `groups`
--
ALTER TABLE `groups`
  ADD PRIMARY KEY (`id`);

--
-- Indexes for table `jabatan`
--
ALTER TABLE `jabatan`
  ADD PRIMARY KEY (`id_jabatan`);

--
-- Indexes for table `karyawan`
--
ALTER TABLE `karyawan`
  ADD PRIMARY KEY (`id`);

--
-- Indexes for table `kehadiran`
--
ALTER TABLE `kehadiran`
  ADD PRIMARY KEY (`id_khd`);

--
-- Indexes for table `login_attempts`
--
ALTER TABLE `login_attempts`
  ADD PRIMARY KEY (`id`);

--
-- Indexes for table `menu`
--
ALTER TABLE `menu`
  ADD PRIMARY KEY (`id`);

--
-- Indexes for table `presensi`
--
ALTER TABLE `presensi`
  ADD PRIMARY KEY (`id_absen`);

--
-- Indexes for table `shift`
--
ALTER TABLE `shift`
  ADD PRIMARY KEY (`id_shift`);

--
-- Indexes for table `stts`
--
ALTER TABLE `stts`
  ADD PRIMARY KEY (`id_status`);

--
-- Indexes for table `users`
--
ALTER TABLE `users`
  ADD PRIMARY KEY (`id`),
  ADD UNIQUE KEY `uc_email` (`email`),
  ADD UNIQUE KEY `uc_activation_selector` (`activation_selector`),
  ADD UNIQUE KEY `uc_forgotten_password_selector` (`forgotten_password_selector`),
  ADD UNIQUE KEY `uc_remember_selector` (`remember_selector`);

--
-- Indexes for table `users_groups`
--
ALTER TABLE `users_groups`
  ADD PRIMARY KEY (`id`),
  ADD UNIQUE KEY `uc_users_groups` (`user_id`,`group_id`),
  ADD KEY `fk_users_groups_users1_idx` (`user_id`),
  ADD KEY `fk_users_groups_groups1_idx` (`group_id`);

--
-- AUTO_INCREMENT for dumped tables
--

--
-- AUTO_INCREMENT for table `gedung`
--
ALTER TABLE `gedung`
  MODIFY `gedung_id` int(11) NOT NULL AUTO_INCREMENT, AUTO_INCREMENT=14;

--
-- AUTO_INCREMENT for table `groups`
--
ALTER TABLE `groups`
  MODIFY `id` mediumint(8) UNSIGNED NOT NULL AUTO_INCREMENT, AUTO_INCREMENT=4;

--
-- AUTO_INCREMENT for table `jabatan`
--
ALTER TABLE `jabatan`
  MODIFY `id_jabatan` int(11) NOT NULL AUTO_INCREMENT, AUTO_INCREMENT=10;

--
-- AUTO_INCREMENT for table `karyawan`
--
ALTER TABLE `karyawan`
  MODIFY `id` int(11) NOT NULL AUTO_INCREMENT, AUTO_INCREMENT=132;

--
-- AUTO_INCREMENT for table `kehadiran`
--
ALTER TABLE `kehadiran`
  MODIFY `id_khd` int(11) NOT NULL AUTO_INCREMENT, AUTO_INCREMENT=6;

--
-- AUTO_INCREMENT for table `login_attempts`
--
ALTER TABLE `login_attempts`
  MODIFY `id` int(11) UNSIGNED NOT NULL AUTO_INCREMENT, AUTO_INCREMENT=22;

--
-- AUTO_INCREMENT for table `menu`
--
ALTER TABLE `menu`
  MODIFY `id` int(11) NOT NULL AUTO_INCREMENT, AUTO_INCREMENT=43;

--
-- AUTO_INCREMENT for table `presensi`
--
ALTER TABLE `presensi`
  MODIFY `id_absen` int(11) NOT NULL AUTO_INCREMENT, AUTO_INCREMENT=75;

--
-- AUTO_INCREMENT for table `shift`
--
ALTER TABLE `shift`
  MODIFY `id_shift` int(11) NOT NULL AUTO_INCREMENT, AUTO_INCREMENT=8;

--
-- AUTO_INCREMENT for table `stts`
--
ALTER TABLE `stts`
  MODIFY `id_status` int(11) NOT NULL AUTO_INCREMENT, AUTO_INCREMENT=4;

--
-- AUTO_INCREMENT for table `users`
--
ALTER TABLE `users`
  MODIFY `id` int(11) UNSIGNED NOT NULL AUTO_INCREMENT, AUTO_INCREMENT=51;

--
-- AUTO_INCREMENT for table `users_groups`
--
ALTER TABLE `users_groups`
  MODIFY `id` int(11) UNSIGNED NOT NULL AUTO_INCREMENT, AUTO_INCREMENT=54;

--
-- Constraints for dumped tables
--

--
-- Constraints for table `users_groups`
--
ALTER TABLE `users_groups`
  ADD CONSTRAINT `fk_users_groups_groups1` FOREIGN KEY (`group_id`) REFERENCES `groups` (`id`) ON DELETE CASCADE ON UPDATE NO ACTION,
  ADD CONSTRAINT `fk_users_groups_users1` FOREIGN KEY (`user_id`) REFERENCES `users` (`id`) ON DELETE CASCADE ON UPDATE NO ACTION;
COMMIT;

/*!40101 SET CHARACTER_SET_CLIENT=@OLD_CHARACTER_SET_CLIENT */;
/*!40101 SET CHARACTER_SET_RESULTS=@OLD_CHARACTER_SET_RESULTS */;
/*!40101 SET COLLATION_CONNECTION=@OLD_COLLATION_CONNECTION */;
